,0,1,2,3,4,5,6,7,8,9,10,11,12,13,14,15,16
0,problems,watch,ipl,matches,solved,within,mins,buy,g,season,p,,,,,,
1,win,one,iphonex,iphone,retweet,follow,us,comment,one,want,giveaway,phone,,,,,
2,see,iphone,prom,k,,,,,,,,,,,,,
3,rt,iphone,x,space,grey,apple,iphonex,ios,iphonephotography,iphone,plus,iphone,iphone,plus,iphone,macbook,macbookp
4,im,playing,fortnite,iphone,future,,,,,,,,,,,,
5,win,one,iphonex,iphone,retweet,follow,us,comment,one,want,giveaway,phone,,,,,
6,iphone,,,,,,,,,,,,,,,,
7,win,one,iphonex,iphone,retweet,follow,us,comment,one,want,giveaway,phone,,,,,
8,rt,iphone,launched,competition,retweet,follow,iphone,chance,winiphone,giveawayiphone,good,luck,https,,,,
9,win,one,iphonex,amp,iphone,retweet,amp,follow,us,comment,one,want,giveaway,phone,,,
10,good,evening,mexico,mexico,vacation,moon,full,moon,iphone,plus,filter,,,,,,
11,rt,first,iphone,giveaway,win,brand,new,iphone,iphone,plus,win,retweet,post,follow,us,winners,w
12,win,one,iphonex,iphone,retweet,follow,us,comment,one,want,giveaway,phone,,,,,
13,floral,leopardo,bling,swarovski,crystal,iphone,iphone,plus,case,brown,iphone,iphonex,blingbling,,,,
14,iphone,,,,,,,,,,,,,,,,
15,iphone,pocket,wit,case,shoulda,juss,dropped,,,,,,,,,,
16,iphone,,,,,,,,,,,,,,,,
17,couple,months,use,think,say,certainty,iphone,pos,makes,long,,,,,,,
18,good,night,twitter,guys,anyone,dream,win,ps,iphone,gracas,click,link,,,,,
19,rt,jk,b,g,page,iphone,iphonex,premiosmtvmiaw,mtvbrkpopbts,,,,,,,,
20,rt,win,one,iphonex,iphone,retweet,follow,us,comment,one,want,giveaway,phone,,,,
21,win,one,iphonex,iphone,retweet,follow,us,comment,one,want,giveaway,phone,,,,,
22,rob,skywalker,dr,funk,mainsqueeze,funk,iphone,terminal,west,,,,,,,,
23,unique,bath,light,app,ever,ofuro,dsp,newappstore,,,,,,,,,
24,win,one,iphonex,iphone,retweet,follow,us,comment,one,want,giveaway,phone,,,,,
25,rt,swimming,elnido,palawan,philippines,post,video,jellyfish,seaturtles,youtube,ipho,,,,,,
26,rt,win,one,iphonex,amp,iphone,retweet,amp,follow,us,comment,one,want,giveaway,phone,,
27,airborne,one,pyramid,giza,egypt,skydiving,iphone,vsco,,,,,,,,,
28,adidas,iphone,case,available,iphone,iphone,iphone,galaxycommunications,iphone,iphone,,,,,,,
29,happy,flight,mr,president,pyramid,giza,egypt,skydiving,iphone,vsco,,,,,,,
30,rt,setup,apple,watch,new,iphone,applewatch,iphonex,applewatchseries,iphone,iphone,,,,,,
31,setup,apple,watch,new,iphone,applewatch,iphonex,applewatchseries,iphone,iphone,,,,,,,
32,google,pixel,beat,apple,samsung,features,newtech,cuttingedge,,,,,,,,,
33,win,one,iphonex,iphone,retweet,follow,us,comment,one,want,giveaway,phone,,,,,
34,definitely,grandfathers,camo,check,vibrant,camo,designs,today,sure,signup,,,,,,,
35,cloud,sky,iphone,wallpaper,,,,,,,,,,,,,
36,million,iphone,x,units,manufactured,q,report,iphonex,iphone,,,,,,,,
37,rt,icloud,remove,activation,lock,free,solution,server,unlock,iphone,amsterdam,nederlands,,,,,
38,win,one,iphonex,iphone,retweet,follow,us,comment,one,want,giveaway,phone,,,,,
39,iphone,cpas,centimes,,,,,,,,,,,,,,
40,iridescent,lovers,casemate,iphonex,iridescent,toughlove,iphonex,iridescent,toughlove,,,,,,,,
41,rt,check,aliceinwonderland,black,hard,case,fitted,cover,iphone,iphone,iphone,iphone,plus,apple,,,
42,iphone,,,,,,,,,,,,,,,,
43,want,red,iphone,,,,,,,,,,,,,,
44,win,one,iphonex,iphone,retweet,follow,us,comment,one,want,giveaway,phone,h,,,,
45,hey,airtel,g,selfie,hope,win,iphone,get,clicking,guys,tags,,,,,,
46,baseball,cases,iphone,plus,iphone,iphonex,,,,,,,,,,,
47,win,one,iphonex,iphone,retweet,follow,us,comment,one,want,giveaway,phone,,,,,
48,cult,mac,magazine,apple,best,ceo,ever,iphone,,,,,,,,,
49,rt,code,gives,buynow,discount,discountcode,sales,iphone,iphonex,iphone,,,,,,,
50,got,iphone,set,applepay,registering,credit,cards,dropped,nearest,eleven,,,,,,,
51,floral,ribbon,bling,swarovski,crystal,iphone,iphone,plus,case,purple,iphone,iphonex,blingbling,c,,,
52,shop,latest,iphone,choose,selected,range,visit,iphone,apple,,,,,,,,
53,apple,iphone,iphone,plus,product,red,editions,available,purchase,india,readmore,,,,,,
54,win,one,iphonex,iphone,retweet,follow,us,comment,one,want,giveaway,phone,,,,,
55,smartphone,wallpaper,info,landscape,trees,black,white,iphone,wallpaper,,,,,,,,
56,item,specifics,condition,new,brand,new,unused,unopened,undamaged,item,,,,,,,
57,iphone,x,iphone,plus,shockproof,hybrid,bumper,slim,case,cover,item,specifics,,,,,
58,win,one,iphonex,iphone,retweet,follow,us,comment,one,want,giveaway,phone,,,,,
59,rt,yootech,smart,wirelesscharger,pad,iphone,iphonex,samsung,galaxy,see,details,,,,,,
60,win,one,iphonex,iphone,retweet,follow,us,comment,one,want,giveaway,phone,u,,,,
61,also,win,iphone,every,day,clicking,selfie,airtel,g,card,onairtel,g,g,,,,
62,rt,participating,annualsurvey,miss,chance,win,iphone,enter,,,,,,,,,
63,win,one,iphonex,iphone,retweet,follow,us,comment,one,want,giveaway,phone,,,,,
64,rt,iphone,x,giveaway,like,retweet,follow,comment,full,adress,want,iphone,retweet,iphone,follow,,
65,join,leading,mobile,appdevelopment,company,offering,android,iphone,custom,mobileapp,development,services,,,,,
66,win,one,iphonex,iphone,retweet,follow,us,comment,one,want,giveaway,phone,,,,,
67,pdca,iphone,ionic,newapp,pocketpdca,use,easily,pdca,cycle,smartphone,,,,,,,
68,leo,bling,swarovski,crystal,iphone,iphone,plus,case,iphone,iphonex,blingbling,click,,,,,
69,apple,iphone,iphone,plus,product,red,special,edition,launched,india,iphone,iphone,plus,product,red,,
70,wondering,sync,google,photos,icloud,photo,library,apple,ios,icloud,iphone,,,,,,
71,win,one,iphonex,iphone,retweet,follow,us,comment,one,want,giveaway,phone,,,,,
72,airtel,g,onairtel,g,selfie,amazing,contest,guys,participate,win,,,,,,,
73,iphone,red,vs,apple,watch,series,lte,flashfly,iphone,applewatchseries,lte,,,,,,
74,rt,airtel,g,onairtel,g,selfie,share,selfies,guys,iphone,grabs,hey,,,,,
75,pdca,iphone,ionic,newapp,pocketpdca,use,easily,pdca,cycle,smartphone,youtube,,,,,,
76,smartphone,wallpaper,info,ground,keyboard,orange,white,iphone,wallpaper,,,,,,,,
77,rt,apple,iphone,plus,product,red,edition,launched,india,price,starts,rs,iphone,,,,
78,ground,keyboard,orange,white,iphone,wallpaper,,,,,,,,,,,
79,rt,download,icamtranslator,free,iphone,subscribe,feature,get,chance,win,iphone,ios,apps,,,,
80,rt,cherished,selfie,g,cricket,season,pass,really,hope,win,iphone,guys,participate,,,,
81,win,one,iphonex,iphone,retweet,follow,us,comment,one,want,giveaway,phone,,,,,
82,win,iphone,every,day,onairtel,g,,,,,,,,,,,
83,apple,iphone,plus,product,red,edition,launched,india,price,starts,rs,iphone,,,,,
84,airtel,g,onairtel,g,selfie,hope,win,iphone,guys,participate,contest,,,,,,
85,floral,butterfly,bling,swarovski,crystal,iphone,iphone,plus,case,blue,iphone,iphonex,blingbling,,,,
86,participating,annualsurvey,miss,chance,win,iphone,enter,,,,,,,,,,
87,daily,apps,news,iphone,iphone,,,,,,,,,,,,
88,selfie,g,cricket,season,pass,really,hope,win,iphone,guys,partici,,,,,,
89,selfie,g,cricket,season,pass,hey,sha,,,,,,,,,,
90,apple,iphone,iphone,plus,product,red,special,edition,available,india,starting,rs,,,,,
91,iphone,engineered,resist,water,dust,unbox,iphone,imagine,apple,premium,reseller,call,,,,,
92,cook,new,iphone,working,purchased,th,april,dealer,helping,,,,,,,,
93,happy,weekend,selfie,g,cricket,season,pass,hope,win,iphone,go,partici,,,,,
94,rt,preorder,soft,case,donald,duck,friends,iphone,iphone,iphone,iphone,,,,,,
95,rt,dez,everything,ready,shipment,begin,soon,westbrook,iphone,iphonex,apple,design,productdesign,kickstarter,,,
96,preorder,soft,case,donald,duck,friends,iphone,iphone,iphone,iphone,,,,,,,
97,everything,ready,shipment,begin,soon,westbrook,iphone,iphonex,apple,design,productdesign,,,,,,
98,enuosuma,wireless,charger,qi,wireless,charging,pad,iphone,x,iphone,plus,galaxy,edge,edge,note,,
99,win,one,iphonex,iphone,retweet,follow,us,comment,one,want,giveaway,phone,,,,,
100,rt,novu,gif,keyboard,featured,actualapple,apple,ios,iphonex,iphone,applewatch,ipad,,,,,
101,rt,paid,iphone,apps,download,free,today,ios,iphonex,iphone,ipad,applewatch,,,,,
102,baseus,headphone,adapter,support,charger,iphone,cable,lightning,earphone,fast,charging,music,ipho,,,,
103,selene,iphone,,,,,,,,,,,,,,,
104,win,one,iphonex,iphone,retweet,follow,us,comment,one,want,giveaway,phone,,,,,
105,rt,new,iphone,concept,iphone,iphone,apple,teamapple,appleiphone,iphonex,iphone,plus,iphone,iphone,plus,iphone,ap
106,win,one,iphonex,iphone,retweet,follow,us,comment,one,want,giveaway,phone,,,,,
107,blossom,bling,swarovski,crystal,samsung,galaxy,cases,black,iphone,iphonex,blingbling,click,,,,,
108,rt,lmao,johny,giving,away,red,iphone,keep,checking,ig,guys,,,,,,
109,gradation,yellow,iphone,wallpaper,,,,,,,,,,,,,
110,rt,setup,apple,watch,new,iphone,applewatch,iphonex,applewatchseries,iphone,iphone,techn,,,,,
111,rt,setup,apple,watch,new,iphone,applewatch,iphonex,,,,,,,,,
112,setup,apple,watch,new,iphone,applewatch,iphonex,applewatchseries,iphone,iphone,technology,,,,,,
113,traditional,american,flag,design,none,less,still,pretty,epic,sure,signup,,,,,,
114,rt,retweet,wish,real,iphone,ios,scottforstall,stevejobs,legacy,,,,,,,,
115,code,gives,buynow,discount,discountcode,sales,iphone,iphonex,,,,,,,,,
116,rt,code,ioanna,gives,offer,valid,headphones,earphones,iphone,iph,,,,,,,
117,win,one,iphonex,iphone,retweet,follow,us,comment,one,want,giveaway,phone,,,,,
118,classic,crystal,new,ipad,case,pink,iphone,iphonex,blingbling,click,,,,,,,
119,apples,product,red,editions,iphone,iphone,plus,finally,available,sale,india,iphone,,,,,
120,elephant,wireless,charger,contact,roc,com,promotionalproducts,promo,wirelesschargers,,,,,,,,
121,five,useful,mac,apps,worth,checking,april,iphone,,,,,,,,,
122,rt,giveaways,saw,amazon,nuans,rolldock,lightning,mobile,battery,dock,via,,,,,,
123,rt,belkin,unveiled,new,wireless,charging,pad,iphone,iphone,plus,iphonex,,,,,,
124,win,one,iphonex,iphone,retweet,follow,us,comment,one,want,giveaway,phone,,,,,
125,apple,working,wireless,ar,vr,headset,dual,k,displays,iphone,,,,,,,
126,smartphone,wallpaper,info,cloudy,green,iphone,wallpaper,,,,,,,,,,
127,cloudy,green,iphone,wallpaper,,,,,,,,,,,,,
128,win,one,iphonex,iphone,retweet,follow,us,comment,one,want,giveaway,phone,,,,,
129,apple,iphone,plus,red,special,edition,available,india,,,,,,,,,
130,ask,shall,given,seen,like,hesitate,dm,call,let,,,,,,,,
131,new,iphone,concept,iphone,iphone,apple,teamapple,appleiphone,iphonex,iphone,plus,iphone,iphone,plus,,,
132,win,one,iphonex,iphone,retweet,follow,us,comment,one,want,giveaway,phone,,,,,
133,add,trusted,phone,numbers,two,factor,authentication,apple,id,account,iphone,,,,,,
134,download,icamtranslator,free,iphone,subscribe,feature,get,chance,win,iphone,ios,,,,,,
135,rt,iphonex,cases,apply,design,case,brand,apple,phone,phonecases,online,google,,,,,
136,win,one,iphonex,iphone,retweet,follow,us,comment,one,want,giveaway,phone,,,,,
137,matchy,matchy,blush,elementalcases,applewatch,iphonex,iphone,plus,iphone,iphone,plus,iphone,,,,,
138,rt,sprint,deal,new,iphone,product,red,special,edition,iphone,plus,iphone,iphone,iphonex,iphone,iphonegraphy,
139,iphone,iphone,plus,product,red,hit,india,,,,,,,,,,
140,powstro,usb,rechargeable,battery,levels,selfie,led,phone,camera,ring,light,iphone,samsung,r,,,
141,rt,pretty,case,casetify,shop,butterfly,butterflies,moths,casetifyartist,iphone,summer,trend,iphone,iphone,,,
142,pasoundworks,authorized,telus,dealer,right,telus,trade,select,phones,get,,,,,,,
143,iphone,gold,,,,,,,,,,,,,,,
144,win,one,iphonex,iphone,retweet,follow,us,comment,one,want,giveaway,phone,,,,,
145,smartphone,wallpaper,info,mont,saint,michel,light,iphone,wallpaper,,,,,,,,
146,iphone,fortnite,v,bucks,giveaway,trophies,,,,,,,,,,,
147,mont,saint,michel,light,iphone,wallpaper,,,,,,,,,,,
148,ukulele,wireless,charger,contact,us,roc,com,promotionalproducts,promo,wirelesschargers,,,,,,,
149,tech,talks,oneplus,leaks,iphone,iphone,plus,red,color,xiaomi,blackshark,gaming,,,,,
150,microsoft,xl,face,recognition,iphone,imagine,come,still,works,like,brand,new,,,,,
151,rt,bestand,airpods,apple,watch,iphone,stand,iphone,applewatch,,,,,,,,
152,win,one,iphonex,amp,iphone,retweet,amp,follow,us,comment,one,,,,,,
153,rt,iphone,prize,guys,onairtel,g,selfie,entry,go,participate,,,,,,,
154,wait,apple,iphone,iphone,plus,product,red,editions,available,india,,,,,,,
155,rt,iphone,plus,case,iphone,plus,case,iphone,iphone,plus,iphone,iphone,plus,phonecase,deals,g,
156,win,one,iphonex,iphone,retweet,follow,us,comment,one,want,giveaway,phone,,,,,
157,iphone,charger,rephoenix,lightning,cable,pack,nylon,braided,iphone,cable,iphone,iphone,iphone,p,,,
158,rt,bestand,airpods,apple,watch,iphone,stand,iphone,applewatch,airpods,iphonex,iphone,tech,,,,
159,win,one,iphonex,iphone,retweet,follow,us,comment,one,want,giveaway,phone,,,,,
160,rt,win,one,iphonex,amp,iphone,retweet,amp,follow,us,comment,one,want,,,,
161,iphone,prize,guys,onairtel,g,selfie,entry,go,participate,,,,,,,,
162,entry,g,onairtel,g,selfie,chance,win,iphone,win,one,,,,,,,
163,airtel,g,onairtel,g,selfie,share,selfies,guys,iphone,grabs,,,,,,,
164,iphone,special,edition,price,india,iphone,red,iphone,appleevent,,,,,,,,
165,win,one,iphonex,iphone,retweet,follow,us,comment,one,want,giveaway,phone,,,,,
166,rt,entered,giveaway,yet,one,lucky,winner,receive,brand,new,iphone,visit,profile,origi,,,
167,rt,remember,enter,giveaway,brand,new,iphone,winner,follow,us,rt,ori,,,,,
168,rt,two,weeks,left,announce,winner,iphone,giveaway,already,follow,us,,,,,,
169,rt,entered,giveaway,yet,head,profile,retweet,original,tweet,chance,,,,,,,
170,airtel,g,onartel,g,selfie,get,checking,guys,win,iphone,every,day,,,,,
171,pretty,case,casetify,shop,butterfly,butterflies,moths,casetifyartist,iphone,summer,trend,iphone,,,,,
172,want,win,iphone,kanungo,start,sharing,airtel,g,onairtel,g,selfie,,,,,,
173,iphone,case,iphone,case,yoyamo,crystal,clear,case,cover,shock,absorption,case,soft,tpu,gel,bumper,iph
174,ideas,connect,ipad,updated,software,iphone,,,,,,,,,,,
175,rt,product,red,iphone,plus,product,red,leather,folio,case,iphone,x,,,,,
176,rt,iphone,failed,durability,test,think,bendgate,iphone,iphone,apple,ben,,,,,,
177,smartphone,wallpaper,info,landscape,colorful,contrail,iphone,wallpaper,,,,,,,,,
178,rt,come,check,peterborough,april,th,saturday,pm,pm,great,unlimitedplans,,,,,,
179,landscape,colorful,contrail,iphone,wallpaper,,,,,,,,,,,,
180,iphone,gold,,,,,,,,,,,,,,,
181,belkin,unveiled,new,wireless,charging,pad,iphone,iphone,plus,iphonex,,,,,,,
182,airtel,g,onairtel,g,selfie,get,clicking,guys,win,iphone,every,day,,,,,
183,selfie,g,cricket,season,guys,also,share,selfies,stand,chanc,,,,,,,
184,rt,product,red,iphone,plus,product,red,leather,folio,case,iphone,x,iphone,iphone,,,
185,iphone,iphone,plus,product,red,versions,launched,india,pre,orders,live,,,,,,
186,apple,launched,iphone,iphone,plus,models,red,edition,india,april,,,,,,,
187,rt,called,helpline,tweeted,looks,like,cancel,pandora,pr,,,,,,,,
188,rt,lopez,apple,released,ios,users,touchscreen,problem,repaired,iphone,unofficial,display,,,,,
189,rt,wireless,charger,yootech,wireless,charging,pad,iphone,x,iphone,plus,save,order,use,coupon,code,wa
190,puridea,portable,charger,mah,power,bank,bi,color,li,polymer,external,battery,iphone,samsung,htc,lg,black
191,product,red,iphone,plus,product,red,leather,folio,case,iphone,x,,,,,,
192,rt,selfie,g,onairtel,g,hope,win,iphone,participate,click,link,,,,,,
193,guys,participate,onairtel,g,contest,could,win,iphone,sounds,interesting,,,,,,,
194,rt,iphone,iphone,plus,product,red,special,edition,listed,flipkart,price,specifications,offers,,,,
195,iphone,red,,,,,,,,,,,,,,,
196,win,one,iphonex,amp,iphone,retweet,amp,follow,us,comment,one,want,giveaway,phone,,,
197,iphone,plus,case,iphone,plus,case,iphone,iphone,plus,iphone,iphone,plus,phonecase,,,,
198,rt,apple,vs,samsung,ios,vs,android,apicturespeaksathousandwords,guys,think,apple,sam,,,,,
199,luster,bling,swarovski,crystal,iphone,iphone,plus,case,iphone,iphonex,blingbling,click,,,,,
200,rt,iphone,champs,congratulations,blue,eaglets,,,,,,,,,,,
201,special,edition,iphone,iphone,plus,available,purchase,india,middaynews,technews,iphoneinindia,,,,,,
202,rt,iphone,gb,cost,rs,gb,variant,available,rs,iphone,,,,,,,
203,iphone,gb,cost,rs,gb,variant,available,rs,iphone,,,,,,,,
204,rt,product,red,advocacy,group,combating,hiv,aids,africa,partnered,apple,product,red,iphone,,,
205,never,worry,running,battery,volta,magnetic,charger,got,covered,android,ios,,,,,,
206,win,one,iphonex,iphone,retweet,follow,us,comment,one,want,giveaway,phone,,,,,
207,specification,features,special,edition,iphone,iphone,plus,available,india,read,,,,,,,
208,iphone,iphone,plus,product,red,editions,launched,india,prices,start,rs,via,,,,,
209,left,right,comment,follow,see,iphone,iphone,iphone,plus,,,,,,,,
210,iphone,iphone,plus,product,red,versions,launched,india,pre,orders,starts,,,,,,
211,iphone,iphone,plus,product,red,editions,red,cause,tech,techblogger,,,,,,,
212,rt,authorities,us,using,device,called,graykey,unlock,iphones,reportedly,even,works,iphones,running,apple,,
213,iphone,iphone,plus,product,red,special,edition,listed,flipkart,price,specifications,offers,,,,,
214,rt,hhhhhhhhh,iphone,,,,,,,,,,,,,,
215,rt,new,red,iphone,available,india,,,,,,,,,,,
216,watch,iphone,se,hands,video,shows,headphone,jack,apple,iphonese,iphonex,iphonese,iphone,,,,
217,iphone,plus,red,edition,available,preorder,digi,celcom,apple,iphone,,,,,,,
218,rt,winter,may,winter,waves,design,sure,signup,e,,,,,,,,
219,special,edition,iphone,iphone,plus,india,technology,apple,,,,,,,,,
220,new,red,iphone,available,india,,,,,,,,,,,,
221,win,one,iphonex,iphone,retweet,follow,us,comment,one,want,giveaway,phone,,,,,
222,iphone,x,iphone,plus,case,ultra,slim,hybrid,protective,hard,cover,item,,,,,
223,special,edition,iphone,iphone,plus,india,,,,,,,,,,,
224,pdca,iphone,ionic,newapp,pocketpdca,use,easily,pdca,cycle,smartphone,youtube,,,,,,
225,smartphone,wallpaper,info,black,white,pattern,character,iphone,wallpaper,,,,,,,,
226,black,white,pattern,character,iphone,wallpaper,,,,,,,,,,,
227,win,one,iphonex,iphone,retweet,follow,us,comment,one,want,giveaway,phone,,,,,
228,botanical,flower,iphone,case,flower,botanical,iphone,iphone,iphonex,,,,,,,,
229,loving,hearts,bling,swarovski,crystal,iphone,iphone,plus,case,iphone,iphonex,blingbling,click,,,,
230,apple,special,edition,iphone,iphone,plus,red,colour,available,purchase,india,friday,,,,,
231,special,edition,iphone,iphone,plus,available,india,check,price,specialedition,iphone,iphone,plus,,,,
232,rt,apple,iphone,product,red,iphone,plus,red,available,stores,india,online,today,onwards,go,grab,r
233,selfie,g,onairtel,g,hope,win,iphone,participate,click,link,,,,,,,
234,apple,iphone,product,red,iphone,plus,red,available,stores,india,online,today,onwards,go,grab,,
235,beautiful,places,cover,iphone,iphone,iphonex,,,,,,,,,,,
236,iphone,silicone,phone,cover,attractive,whale,print,via,,,,,,,,,
237,pre,order,iphone,iphone,plus,india,go,sale,april,,,,,,,,
238,apple,iphone,iphone,plus,product,red,available,india,prices,start,rs,,,,,,
